,Title
0,Guardians of the Galaxy
1,Prometheus
2,Split
3,Sing
4,Suicide Squad
5,The Great Wall
6,La La Land
7,Mindhorn
8,The Lost City of Z
9,Passengers
10,Fantastic Beasts and Where to Find Them
11,Hidden Figures
12,Rogue One
13,Moana
14,Colossal
15,The Secret Life of Pets
16,Hacksaw Ridge
17,Jason Bourne
18,Lion
19,Arrival
20,Gold
21,Manchester by the Sea
22,Hounds of Love
23,Trolls
24,Independence Day: Resurgence
25,Paris pieds nus
26,Bahubali: The Beginning
27,Dead Awake
28,Bad Moms
29,Assassin's Creed
30,Why Him?
31,Nocturnal Animals
32,X-Men: Apocalypse
33,Deadpool
34,Resident Evil: The Final Chapter
35,Captain America: Civil War
36,Interstellar
37,Doctor Strange
38,The Magnificent Seven
39,5- 25- 77
40,Sausage Party
41,Moonlight
42,Don't Fuck in the Woods
43,The Founder
44,Lowriders
45,Pirates of the Caribbean: On Stranger Tides
46,Miss Sloane
47,Fallen
48,Star Trek Beyond
49,The Last Face
50,Star Wars: Episode VII - The Force Awakens
51,Underworld: Blood Wars
52,Mother's Day
53,John Wick
54,The Dark Knight
55,Silence
56,Don't Breathe
57,Me Before You
58,Their Finest
59,Sully
60,Batman v Superman: Dawn of Justice
61,The Autopsy of Jane Doe
62,The Girl on the Train
63,Fifty Shades of Grey
64,The Prestige
65,Kingsman: The Secret Service
66,Patriots Day
67,Mad Max: Fury Road
68,Wakefield
69,Deepwater Horizon
70,The Promise
71,Allied
72,A Monster Calls
73,Collateral Beauty
74,Zootopia
75,Pirates of the Caribbean: At World's End
76,The Avengers
77,Inglourious Basterds
78,Pirates of the Caribbean: Dead Man's Chest
79,Ghostbusters
80,Inception
81,Captain Fantastic
82,The Wolf of Wall Street
83,Gone Girl
84,Furious Seven
85,Jurassic World
86,Live by Night
87,Avatar
88,The Hateful Eight
89,The Accountant
90,Prisoners
91,Warcraft
92,The Help
93,War Dogs
94,Avengers: Age of Ultron
95,The Nice Guys
96,Kimi no na wa
97,The Void
98,Personal Shopper
99,The Departed
100,Legend
101,Thor
102,The Martian
103,Contratiempo
104,The Man from U.N.C.L.E.
105,Hell or High Water
106,The Comedian
107,The Legend of Tarzan
108,All We Had
109,Ex Machina
110,The Belko Experiment
111,12 Years a Slave
112,The Bad Batch
113,300
114,Harry Potter and the Deathly Hallows: Part 2
115,Office Christmas Party
116,The Neon Demon
117,Dangal
118,10 Cloverfield Lane
119,Finding Dory
120,Miss Peregrine's Home for Peculiar Children
121,Divergent
122,Mike and Dave Need Wedding Dates
123,Boyka: Undisputed IV
124,The Dark Knight Rises
125,The Jungle Book
126,Transformers: Age of Extinction
127,Nerve
128,Mamma Mia!
129,The Revenant
130,Fences
131,Into the Woods
132,The Shallows
133,Whiplash
134,Furious 6
135,The Place Beyond the Pines
136,No Country for Old Men
137,The Great Gatsby
138,Shutter Island
139,Brimstone
140,Star Trek
141,Diary of a Wimpy Kid
142,The Big Short
143,Room
144,Django Unchained
145,Ah-ga-ssi
146,The Edge of Seventeen
147,Watchmen
148,Superbad
149,Inferno
150,The BFG
151,The Hunger Games
152,White Girl
153,Sicario
154,Twin Peaks: The Missing Pieces
155,Aliens vs Predator - Requiem
156,Pacific Rim
157,"Crazy, Stupid, Love."
158,Scott Pilgrim vs. the World
159,Hot Fuzz
160,Mine
161,Free Fire
162,X-Men: Days of Future Past
163,Jack Reacher: Never Go Back
164,Casino Royale
165,Twilight
166,Now You See Me 2
167,Woman in Gold
168,13 Hours
169,Spectre
170,Nightcrawler
171,Kubo and the Two Strings
172,Beyond the Gates
173,Her
174,Frozen
175,Tomorrowland
176,Dawn of the Planet of the Apes
177,Tropic Thunder
178,The Conjuring 2
179,Ant-Man
180,Bridget Jones's Baby
181,The VVitch: A New-England Folktale
182,Cinderella
183,Realive
184,Forushande
185,Love
186,Billy Lynn's Long Halftime Walk
187,Crimson Peak
188,Drive
189,Trainwreck
190,The Light Between Oceans
191,Below Her Mouth
192,Spotlight
193,Morgan
194,Warrior
195,Captain America: The First Avenger
196,Hacker
197,Into the Wild
198,The Imitation Game
199,Central Intelligence
200,Edge of Tomorrow
201,A Cure for Wellness
202,Snowden
203,Iron Man
204,Allegiant
205,X: First Class
206,Raw (II)
207,Paterson
208,Bridesmaids
209,The Girl with All the Gifts
210,San Andreas
211,Spring Breakers
212,Transformers
213,Old Boy
214,Thor: The Dark World
215,Gods of Egypt
216,Captain America: The Winter Soldier
217,Monster Trucks
218,A Dark Song
219,Kick-Ass
220,Hardcore Henry
221,Cars
222,It Follows
223,The Girl with the Dragon Tattoo
224,We're the Millers
225,American Honey
226,The Lobster
227,Predators
228,Maleficent
229,Rupture
230,Pan's Labyrinth
231,A Kind of Murder
232,Apocalypto
233,Mission: Impossible - Rogue Nation
234,The Huntsman: Winter's War
235,The Perks of Being a Wallflower
236,Jackie
237,The Disappointments Room
238,The Grand Budapest Hotel
239,The Host
240,Fury
241,Inside Out
242,Rock Dog
243,Terminator Genisys
244,Percy Jackson & the Olympians: The Lightning Thief
245,Les Misérables
246,Children of Men
247,20th Century Women
248,Spy
249,The Intouchables
250,Bonjour Anne
251,Kynodontas
252,Straight Outta Compton
253,The Amazing Spider-Man 2
254,The Conjuring
255,The Hangover
256,Battleship
257,Rise of the Planet of the Apes
258,Lights Out
259,Norman: The Moderate Rise and Tragic Fall of a New York Fixer
260,Birdman or (The Unexpected Virtue of Ignorance)
261,Black Swan
262,Dear White People
263,Nymphomaniac: Vol. I
264,Teenage Mutant Ninja Turtles: Out of the Shadows
265,Knock Knock
266,Dirty Grandpa
267,Cloud Atlas
268,X-Men Origins: Wolverine
269,Satanic
270,Skyfall
271,The Hobbit: An Unexpected Journey
272,21 Jump Street
273,Sing Street
274,Ballerina
275,Oblivion
276,22 Jump Street
277,Zodiac
278,Everybody Wants Some!!
279,Iron Man Three
280,Now You See Me
281,Sherlock Holmes
282,Death Proof
283,The Danish Girl
284,Hercules
285,Sucker Punch
286,Keeping Up with the Joneses
287,Jupiter Ascending
288,Masterminds
289,Iris
290,Busanhaeng
291,Pitch Perfect
292,Neighbors 2: Sorority Rising
293,The Exception
294,Man of Steel
295,The Choice
296,Ice Age: Collision Course
297,The Devil Wears Prada
298,The Infiltrator
299,There Will Be Blood
300,The Equalizer
301,Lone Survivor
302,The Cabin in the Woods
303,The House Bunny
304,She's Out of My League
305,Inherent Vice
306,Alice Through the Looking Glass
307,Vincent N Roxxy
308,The Fast and the Furious: Tokyo Drift
309,How to Be Single
310,The Blind Side
311,La vie d'Adèle
312,The Babadook
313,The Hobbit: The Battle of the Five Armies
314,Harry Potter and the Order of the Phoenix
315,Snowpiercer
316,The 5th Wave
317,The Stakelander
318,The Visit
319,Fast Five
320,Step Up
321,Lovesong
322,RocknRolla
323,In Time
324,The Social Network
325,The Last Witch Hunter
326,Victor Frankenstein
327,A Street Cat Named Bob
328,Green Room
329,Blackhat
330,Storks
331,American Sniper
332,Dallas Buyers Club
333,Lincoln
334,Rush
335,Before I Wake
336,Silver Linings Playbook
337,Tracktown
338,The Fault in Our Stars
339,Blended
340,Fast & Furious
341,Looper
342,White House Down
343,Pete's Dragon
344,Spider-Man 3
345,The Three Musketeers
346,Stardust
347,American Hustle
348,Jennifer's Body
349,Midnight in Paris
350,Lady Macbeth
351,Joy
352,The Dressmaker
353,Café Society
354,Insurgent
355,Seventh Son
356,Demain tout commence
357,The Theory of Everything
358,This Is the End
359,About Time
360,Step Brothers
361,Clown
362,Star Trek Into Darkness
363,Zombieland
364,"Hail, Caesar!"
365,Slumdog Millionaire
366,The Twilight Saga: Breaking Dawn - Part 2
367,American Wrestler: The Wizard
368,The Amazing Spider-Man
369,Ben-Hur
370,Sleight
371,The Maze Runner
372,Criminal
373,Wanted
374,Florence Foster Jenkins
375,Collide
376,Black Mass
377,Creed
378,Swiss Army Man
379,The Expendables 3
380,What We Do in the Shadows
381,Southpaw
382,Hush
383,Bridge of Spies
384,The Lego Movie
385,Everest
386,Pixels
387,Robin Hood
388,The Wolverine
389,John Carter
390,Keanu
391,The Gunman
392,Steve Jobs
393,Whisky Galore
394,Grown Ups 2
395,The Age of Adaline
396,The Incredible Hulk
397,Couples Retreat
398,Absolutely Anything
399,Magic Mike
400,Minions
401,The Black Room
402,Bronson
403,Despicable Me
404,The Best of Me
405,The Invitation
406,Zero Dark Thirty
407,Tangled
408,The Hunger Games: Mockingjay - Part 2
409,Vacation
410,Taken
411,Pitch Perfect 2
412,Monsters University
413,Elle
414,Mechanic: Resurrection
415,Tusk
416,The Headhunter's Calling
417,Atonement
418,Harry Potter and the Deathly Hallows: Part 1
419,Shame
420,Hanna
421,The Babysitters
422,Pride and Prejudice and Zombies
423,300: Rise of an Empire
424,London Has Fallen
425,The Curious Case of Benjamin Button
426,Sin City: A Dame to Kill For
427,The Bourne Ultimatum
428,Srpski film
429,The Purge: Election Year
430,3 Idiots
431,Zoolander 2
432,World War Z
433,Mission: Impossible - Ghost Protocol
434,Let Me Make You a Martyr
435,Filth
436,The Longest Ride
437,The imposible
438,Kick-Ass 2
439,Folk Hero & Funny Guy
440,Oz the Great and Powerful
441,Brooklyn
442,Coraline
443,Blue Valentine
444,The Thinning
445,Silent Hill
446,Dredd
447,Hunt for the Wilderpeople
448,Big Hero 6
449,Carrie
450,Iron Man 2
451,Demolition
452,Pandorum
453,Olympus Has Fallen
454,I Am Number Four
455,Jagten
456,The Proposal
457,Get Hard
458,Just Go with It
459,Revolutionary Road
460,The Town
461,The Boy
462,Denial
463,Predestination
464,Goosebumps
465,Sherlock Holmes: A Game of Shadows
466,Salt
467,Enemy
468,District 9
469,The Other Guys
470,American Gangster
471,Marie Antoinette
472,2012
473,Harry Potter and the Half-Blood Prince
474,Argo
475,Eddie the Eagle
476,The Lives of Others
477,Pet
478,Paint It Black
479,Macbeth
480,Forgetting Sarah Marshall
481,The Giver
482,Triple 9
483,Perfetti sconosciuti
484,Angry Birds
485,Moonrise Kingdom
486,Hairspray
487,Safe Haven
488,Focus
489,Ratatouille
490,Stake Land
491,The Book of Eli
492,Cloverfield
493,Point Break
494,Under the Skin
495,I Am Legend
496,Men in Black 3
497,Super 8
498,Law Abiding Citizen
499,Up
500,Maze Runner: The Scorch Trials
501,Carol
502,Imperium
503,Youth
504,Mr. Nobody
505,City of Tiny Lights
506,Savages
507,(500) Days of Summer
508,Movie 43
509,Gravity
510,The Boy in the Striped Pyjamas
511,Shooter
512,The Happening
513,Bone Tomahawk
514,Magic Mike XXL
515,Easy A
516,Exodus: Gods and Kings
517,Chappie
518,The Hobbit: The Desolation of Smaug
519,Half of a Yellow Sun
520,Anthropoid
521,The Counselor
522,Viking
523,Whiskey Tango Foxtrot
524,Trust
525,Birth of the Dragon
526,Elysium
527,The Green Inferno
528,Godzilla
529,The Bourne Legacy
530,A Good Year
531,Friend Request
532,Deja Vu
533,Lucy
534,A Quiet Passion
535,Need for Speed
536,Jack Reacher
537,The Do-Over
538,True Crimes
539,American Pastoral
540,The Ghost Writer
541,Limitless
542,Spectral
543,P.S. I Love You
544,Zipper
545,Midnight Special
546,Don't Think Twice
547,Alice in Wonderland
548,Chuck
549,"I, Daniel Blake"
550,The Break-Up
551,Loving
552,Fantastic Four
553,The Survivalist
554,Colonia
555,The Boy Next Door
556,The Gift
557,Dracula Untold
558,In the Heart of the Sea
559,Idiocracy
560,The Expendables
561,Evil Dead
562,Sinister
563,Wreck-It Ralph
564,Snow White and the Huntsman
565,Pan
566,Transformers: Dark of the Moon
567,Juno
568,A Hologram for the King
569,Money Monster
570,The Other Woman
571,Enchanted
572,The Intern
573,Little Miss Sunshine
574,Bleed for This
575,Clash of the Titans
576,The Finest Hours
577,Tron
578,The Hunger Games: Catching Fire
579,All Good Things
580,Kickboxer: Vengeance
581,The Last Airbender
582,Sex Tape
583,What to Expect When You're Expecting
584,Moneyball
585,Ghost Rider
586,Unbroken
587,Immortals
588,Sunshine
589,Brave
590,Män som hatar kvinnor
591,Adoration
592,The Drop
593,She's the Man
594,Daddy's Home
595,Let Me In
596,Never Back Down
597,Grimsby
598,Moon
599,Megamind
600,Gangster Squad
601,Blood Father
602,He's Just Not That Into You
603,Kung Fu Panda 3
604,The Rise of the Krays
605,Handsome Devil
606,Winter's Bone
607,Horrible Bosses
608,Mommy
609,Hellboy II: The Golden Army
610,Beautiful Creatures
611,Toni Erdmann
612,The Lovely Bones
613,The Assassination of Jesse James by the Coward Robert Ford
614,Don Jon
615,Bastille Day
616,2307: Winter's Dream
617,Free State of Jones
618,Mr. Right
619,The Secret Life of Walter Mitty
620,Dope
621,Underworld Awakening
622,Antichrist
623,Friday the 13th
624,Taken 3
625,Total Recall
626,X-Men: The Last Stand
627,The Escort
628,The Whole Truth
629,Night at the Museum: Secret of the Tomb
630,Love & Other Drugs
631,The Interview
632,The Host
633,Megan Is Missing
634,WALL·E
635,Knocked Up
636,Source Code
637,Lawless
638,Unfriended
639,American Reunion
640,The Pursuit of Happyness
641,Relatos salvajes
642,The Ridiculous 6
643,Frantz
644,Viral
645,Gran Torino
646,Burnt
647,Tall Men
648,Sleeping Beauty
649,Vampire Academy
650,Sweeney Todd: The Demon Barber of Fleet Street
651,Solace
652,Insidious
653,Popstar: Never Stop Never Stopping
654,The Levelling
655,Public Enemies
656,Boyhood
657,Teenage Mutant Ninja Turtles
658,Eastern Promises
659,The Daughter
660,Pineapple Express
661,The First Time
662,Gone Baby Gone
663,The Heat
664,L'avenir
665,Anna Karenina
666,Regression
667,Ted 2
668,Pain & Gain
669,Blood Diamond
670,Devil's Knot
671,Child 44
672,The Hurt Locker
673,Green Lantern
674,War on Everyone
675,The Mist
676,Escape Plan
677,"Love, Rosie"
678,The DUFF
679,The Age of Shadows
680,The Hunger Games: Mockingjay - Part 1
681,We Need to Talk About Kevin
682,Love & Friendship
683,The Mortal Instruments: City of Bones
684,Seven Pounds
685,The King's Speech
686,Hunger
687,Jumper
688,Toy Story 3
689,Tinker Tailor Soldier Spy
690,Resident Evil: Retribution
691,Dear Zindagi
692,Genius
693,Pompeii
694,Life of Pi
695,Hachi: A Dog's Tale
696,10 Years
697,I Origins
698,Live Free or Die Hard
699,The Matchbreaker
700,Funny Games
701,Ted
702,RED
703,Australia
704,Faster
705,The Neighbor
706,The Adjustment Bureau
707,The Hollars
708,The Judge
709,Closed Circuit
710,Transformers: Revenge of the Fallen
711,La tortue rouge
712,The Book of Life
713,Incendies
714,The Heartbreak Kid
715,Happy Feet
716,Entourage
717,The Strangers
718,Noah
719,Neighbors
720,Nymphomaniac: Vol. II
721,Wild
722,Grown Ups
723,Blair Witch
724,The Karate Kid
725,Dark Shadows
726,Friends with Benefits
727,The Illusionist
728,The A-Team
729,The Guest
730,The Internship
731,Paul
732,This Beautiful Fantastic
733,The Da Vinci Code
734,Mr. Church
735,Hugo
736,The Blackcoat's Daughter
737,Body of Lies
738,Knight of Cups
739,The Mummy: Tomb of the Dragon Emperor
740,The Boss
741,Hands of Stone
742,El secreto de sus ojos
743,True Grit
744,We Are Your Friends
745,A Million Ways to Die in the West
746,Only for One Night
747,Rules Don't Apply
748,Ouija: Origin of Evil
749,Percy Jackson: Sea of Monsters
750,Fracture
751,Oculus
752,In Bruges
753,This Means War
754,Lída Baarová
755,The Road
756,Lavender
757,Deuces
758,Conan the Barbarian
759,The Fighter
760,August Rush
761,Chef
762,Eye in the Sky
763,Eagle Eye
764,The Purge
765,PK
766,Ender's Game
767,Indiana Jones and the Kingdom of the Crystal Skull
768,Paper Towns
769,High-Rise
770,Quantum of Solace
771,The Assignment
772,How to Train Your Dragon
773,Lady in the Water
774,The Fountain
775,Cars 2
776,31
777,Final Girl
778,Chalk It Up
779,The Man Who Knew Infinity
780,Unknown
781,Self/less
782,Mr. Brooks
783,Tramps
784,Before We Go
785,Captain Phillips
786,The Secret Scripture
787,Max Steel
788,Hotel Transylvania 2
789,Hancock
790,Sisters
791,The Family
792,Zack and Miri Make a Porno
793,Ma vie de Courgette
794,Man on a Ledge
795,No Strings Attached
796,Rescue Dawn
797,Despicable Me 2
798,A Walk Among the Tombstones
799,The World's End
800,Yoga Hosers
801,Seven Psychopaths
802,Beowulf
803,Jack Ryan: Shadow Recruit
804,1408
805,The Gambler
806,Prince of Persia: The Sands of Time
807,The Spectacular Now
808,A United Kingdom
809,USS Indianapolis: Men of Courage
810,Turbo Kid
811,Mama
812,Orphan
813,To Rome with Love
814,Fantastic Mr. Fox
815,Inside Man
816,I.T.
817,127 Hours
818,Annabelle
819,Wolves at the Door
820,Suite Française
821,The Imaginarium of Doctor Parnassus
822,G.I. Joe: The Rise of Cobra
823,Christine
824,Man Down
825,Crawlspace
826,Shut In
827,The Warriors Gate
828,Grindhouse
829,Disaster Movie
830,Rocky Balboa
831,Diary of a Wimpy Kid: Dog Days
832,Jane Eyre
833,Fool's Gold
834,The Dictator
835,The Loft
836,Bacalaureat
837,You Don't Mess with the Zohan
838,Exposed
839,Maudie
840,Horrible Bosses 2
841,A Bigger Splash
842,Melancholia
843,The Princess and the Frog
844,Unstoppable
845,Flight
846,Home
847,La migliore offerta
848,Mean Dreams
849,42
850,21
851,Begin Again
852,Out of the Furnace
853,Vicky Cristina Barcelona
854,Kung Fu Panda
855,Barbershop: The Next Cut
856,Terminator Salvation
857,Freedom Writers
858,The Hills Have Eyes
859,Changeling
860,Remember Me
861,Koe no katachi
862,"Alexander and the Terrible, Horrible, No Good, Very Bad Day"
863,Locke
864,The 9th Life of Louis Drax
865,Horns
866,Indignation
867,The Stanford Prison Experiment
868,Diary of a Wimpy Kid: Rodrick Rules
869,Mission: Impossible III
870,En man som heter Ove
871,Dragonball Evolution
872,Red Dawn
873,One Day
874,Life as We Know It
875,28 Weeks Later
876,Warm Bodies
877,Blue Jasmine
878,G.I. Joe: Retaliation
879,Wrath of the Titans
880,Shin Gojira
881,Saving Mr. Banks
882,Transcendence
883,Rio
884,Equals
885,Babel
886,The Tree of Life
887,The Lucky One
888,Piranha 3D
889,50/50
890,The Intent
891,This Is 40
892,Real Steel
893,Sex and the City
894,Rambo
895,Planet Terror
896,Concussion
897,The Fall
898,The Ugly Truth
899,Bride Wars
900,Sleeping with Other People
901,Snakes on a Plane
902,What If
903,How to Train Your Dragon 2
904,RoboCop
905,In Dubious Battle
906,"Hello, My Name Is Doris"
907,Ocean's Thirteen
908,Slither
909,Contagion
910,Il racconto dei racconti - Tale of Tales
911,I Am the Pretty Thing That Lives in the House
912,Bridge to Terabithia
913,Coherence
914,Notorious
915,Goksung
916,The Expendables 2
917,The Girl Next Door
918,Perfume: The Story of a Murderer
919,The Golden Compass
920,Centurion
921,Scouts Guide to the Zombie Apocalypse
922,17 Again
923,No Escape
924,Superman Returns
925,The Twilight Saga: Breaking Dawn - Part 1
926,Precious
927,The Sea of Trees
928,Good Kids
929,The Master
930,Footloose
931,If I Stay
932,The Ticket
933,Detour
934,The Love Witch
935,Talladega Nights: The Ballad of Ricky Bobby
936,The Human Centipede (First Sequence)
937,Super
938,The Siege of Jadotville
939,Up in the Air
940,The Midnight Meat Train
941,The Twilight Saga: Eclipse
942,Transpecos
943,What's Your Number?
944,Riddick
945,Triangle
946,The Butler
947,King Cobra
948,After Earth
949,Kicks
950,Me and Earl and the Dying Girl
951,The Descendants
952,Sex and the City 2
953,The Kings of Summer
954,Death Race
955,That Awkward Moment
956,Legion
957,End of Watch
958,3 Days to Kill
959,Lucky Number Slevin
960,Trance
961,Into the Forest
962,The Other Boleyn Girl
963,I Spit on Your Grave
964,Custody
965,Inland Empire
966,L'odyssée
967,The Walk
968,Wrecker
969,The Lone Ranger
970,Texas Chainsaw 3D
971,Disturbia
972,Rock of Ages
973,Scream 4
974,Queen of Katwe
975,My Big Fat Greek Wedding 2
976,Dark Places
977,Amateur Night
978,It's Only the End of the World
979,The Skin I Live In
980,Miracles from Heaven
981,Annie
982,Across the Universe
983,Let's Be Cops
984,Max
985,Your Highness
986,Final Destination 5
987,Endless Love
988,Martyrs
989,Selma
990,Underworld: Rise of the Lycans
991,Taare Zameen Par
992,Take Me Home Tonight
993,Resident Evil: Afterlife
994,Project X
995,Secret in Their Eyes
996,Hostel: Part II
997,Step Up 2: The Streets
998,Search Party
999,Nine Lives
